0x63ac545c991243fa18aec41d4f6f598e555015dc,
0xbbed46565f5aa9af9539f543067821fa4b565438,
0x39d4a931402c0c79c457186f24df8729cf957031,
0x3d0768da09ce77d25e2d998e6a7b6ed4b9116c2d,
0x232cb1cd49993c144a3f88b3611e233569a86bd6,
0x9252a9c83d5703edc585cfdce80d5f903d357514,
0x8c6ae7a05a1de57582ae2768204276c0ff47ed03,
0x805d846fb0bc02a7337226d685be9ee773b9198a,
0x8566610901aace38b83244f3a9c831306a67b9dc,
0x63ac545c991243fa18aec41d4f6f598e555015dc,
0xbbed46565f5aa9af9539f543067821fa4b565438,
0x39d4a931402c0c79c457186f24df8729cf957031,
0x3d0768da09ce77d25e2d998e6a7b6ed4b9116c2d,
0x232cb1cd49993c144a3f88b3611e233569a86bd6,
0x9252a9c83d5703edc585cfdce80d5f903d357514,
0x8c6ae7a05a1de57582ae2768204276c0ff47ed03,
0x805d846fb0bc02a7337226d685be9ee773b9198a,
0x8566610901aace38b83244f3a9c831306a67b9dc,
0x543807d0af2c58b49d7f25659d0472d4d8b8e8da,
0x7cd05927fe0aa3b6552db959e7539ae28dcbbdcf,
